a,b
la ceremonia,ceremony
sencillo,simple
el esfuerzo,effort
el volumen,volume
el método,method
la preocupación,worry
el embajador,ambassador
la estampilla,stamp (n)
definir,to define
añadir,to add
el hipódromo,racetrack (horses)
el impuesto/;la tasa,tax (2)
el riesgo,risk
el elemento,element
la psicología,psychology
alrededor,around
la pista,"track, trail,clue"
la columna,the column
el pantano,swamp (noun)
entre la espada y la pared,between a rock and a hard place (sword/wall)
la belleza,beauty
enanito-a,dwarf
la red,"net, network"
considerar,to consider
dispnible (dis-poh-knee-bleh),available
la revista,magazine
aplicar,to apply
recuperar,to recover
conde -esa,count (nobility)
la realidad,reality
el proceso,the process
el rumbo,course / direction
el curso,course / year
la ausencia,absence
evitar,to avoid
levantar,to lift
morir / muriendo,to die / dying
alcanzar,to reach / to catch up to
establecer,to establish
crear,to create
mantener,to support / maintain
la manga,sleeve
suelta la sopa,spill the beans
"la sigla, siglas de",acronym (of)
manchar,to stain
impedir,"to prevent, to hinder"
la feria,the fair
la patria,homeland
el tiradero,landfill / dump
el palacio,palace
la velocidad,velocity / speed
la cadena,chain (n)
por ejemplo,for example
el bufete,law office
la nuera,daughter in law
el yerno,son in law
el guardaespaldas/;el escolta,bodyguard
tiempo sin verte,long time no see
la estafa,swindle / fraud
el fraude,fraud
hogar dulce hogar,home sweet home
queso suizo derretido,melted swiss cheese
el sicario (see-kar-yo),hitman
"Aunque la mona se vista de ceda, mona se queda",You can't put lipstick on a pig
hechicero(a),"enchanter, witch"
el tiempo vale oro,time is money
lamentar,to regret
quedate con el cambio,keep the change
la cura,cure
el/la psicópata,psychopath
inquilino,tenant
el reino,kingdom
el secreto,secret
aun cuando,even when
la fuente,fountain / source
la campana/;el timbre,bell (2)
la paradoja,paradox
engañar,to deceive
no te engañes,don't kid yourself
el ataúd,coffin
terco,stubborn
salvaje,savage
la momia,mummy
el manicomio,insane asylum
mostrar,to show
la embajada,embassy
la avalancha,avalanche
chocar,collide / crash
poderosa,powerful
el rompecabezas,puzzle
tradicional,traditional
reciente,recent
distinto,distinct / different
capaz,capable
útil,useful
ricachón,super rich / sugardaddy
bilingu:e,bilingual
el atleta,athelete
el cocinero,the cook
el carpintero,carpenter
el granjero /;el camapesino,farmer (2)
la rasuradora,shaver
el calcetín,sock
el príncipe,prince
príncipe azul,prince charming
el pintor,painter
el panadero,baker
el sacerdote / el cura,priest (2)
el refrigerador,refrigerator
autor-ora,author
el sótano,basement
el soldado,soldier
la higiene (ee-he-ye-ne),hygiene
la secadora,dryer
la lavadora,washer / washing machine
el pañal,diaper
el escritorio,desk
por las buenas o por las malas,the easy way or the hard way
la cuna,crib
el gesto,gesture (noun)
la esponja,sponge (noun)
sartén,frying-pan
usar / utilizar,(2);to use
"cubrir, tapar (w/lid)",(2);to cover
la cortina,curtain (home)
la sugerencia; (sue-her-en-seeya),suggestion
hacer una tormenta en un vaso de agua,make a mountain of a molehill
acerca,about
según,according to
durante,during
hacia,toward
los dientes de leche,baby teeth
estás despedido,you are fired!
las tijeras,scissors
el bache,pothole
el gis (hees),chalk
lujoso,luxurious
talón de Aquiles,Achilles heel
la sonrisa,smile (noun)
risa fingida,fake laugh
el verbo,verb
el sustantivo,noun
el complido,a compliment
la máscara / el antifaz,(2);mask (noun)
la llave,key / faucet
llave inglesa,monkey wrench
retirarse,to retire
cuyo -a,whose
la charola,tray / platter
condena a perpetuidad,life sentence
el bosque,woods / forest
titulares,headlines
delincuente / criminal,(2);criminal
el bolsillo,pocket
te lo adverti,I warned you
rencor,bitterness / hatred
la burbuja; (bore-boo-ha),bubble
el padrino,godfather
parar,to stop
el oficio,job / trade
la contraseña,password
el obstáculo,obstacle
piel gruesa (grow-sa),thick skin
oveja negra,black sheep
sensible,sensitive
la colina,hill
el claxón,horn (auto)
el cuerno,horn (devil)
la selva,jungle
quejarse,to complain
por si acaso,just in case
la esperanza,hope (noun)
la serpiente /;la víbora,(2);snake
te debo una,I owe you one
dividir 4 entre 2,divide 4 by 2
multiplicar 4 por 2,multiply 4 by 2
el caracol,snail
añadir 4 a 2,add 4 and 2
restar 2 de 4,subtract 2 from 4
infiltrado,infiltrator / mole
malentendido,misunderstanding
el castigo,punishment
el taller,workshop
tengo envenenamiento por comida,I have food poisoning
cazador(a),hunter
apurate/andale!,(2);hurry up!/come on
parrillada,mixed grill
Ninguno de nosotros ...,None of us ...
Nunca me canso de ...,I never tire of ...
la bendición,blessing
el rostro /; la cara,(2);the face
la espalda,the back (body part)
la docena,dozen
la prueba,test / proof
el préstamo,loan (noun)
obtuso,obtuse / stupid
el dinosaurio;(dee-noh-saoo-rio),dinosaur
liberal,liberal
conservador,conservitive
retirar,to retire
quiero retirarme en …,I want to retire in …
la bancarrota/;la quiebra,(2);bankruptcy
la filosofia,philosophy
la zanahoria,carrot
el apodo,nickname
el rábano,radish
el pepino,cucumber
la mancha,stain / spot
la bala,bullet
el plomo,lead
el hallazgo,discovery / findings
el espía,spy (noun)
registro/certificado de nacimiento,(2);birth certificate
mañoso,crafty / devilish
aplastar,to crush
dar de alta,to discharge / release
además,moreover/ besides
mocoso-a,brat
la deuda,debt
estafador -ora,swindler
precisamente,precisely
despreciar,to despise
inútil,useless
la estrategia,strategy
el chantaje,blackmail (noun)
no digas eso,don't say that
punto flaco,weak point
el conocimiento,knowledge
la cuenta,account / bill
a lo más,at most / at worst
el masaje,massage
la ventana,window
abril,april
estudiar,to study
triste,sad
la chaqueta,jacket
el corazón,heart
el roce;(raw-say),rubbing/soft touch/graze/feel;(noun)
con ellos,with them
el estilo/la moda,style / fashion
el plato,plate
el promedio,average
la tesis,thesis
la servilleta,napkin
el pais (state);el campo (country side),(2);country
desaparecer,to disappear
el aguacate,avocado
la ira,anger
fuegos artificiales,fireworks
moderno-a,modern
callejero-a,bum / stray
la vergu:enza,shame / guilt
caer bien/mal,to like/dislike
la tienda,the store
la cruz,cross (noun)
ha tenido que trabajar,she had to work
adentro,inside
afuera,outside
invierno,winter
algo asi,something like that
vacío,empty
la torre,tower
sendero de tierra,dirt path / track
lejos,far away
cerca,close
has visto?,have you seen?
la mariposa,butterfly
astronauta,astronaut
la libreria,bookstore
pastel/tarta de queso,cheesecake
preferir,to prefer
rapido,quickly
olvidar,to forget
la corbata,necktie
mentiroso-a,liar
justicia divina,divine justice
como puede ser?,how can that/it be?
construir,to build
el golpe,blow/knock/bump
privilegio,privilege
la escalera,stairs
volar/volando,to fly/flying
la arena,sand
los pantalones,trousers
soltero-a,single
tengo hambre,I'm hungry
la cuadra,block (of houses/city)
las pantuflas,slippers
el dueño,owner
por qué no me crees?,why don't you believe me?
el desayuno,breakfast
seguir / siguiendo,to follow / following
sentar,to sit
maravillosa,marvelous
el envío,delivery
la sala de espera,the waiting room
poner,to put
el recibo,receipt
el pelo / el cabello,(2);hair
el tiburón,shark
tanto-a,so much
el cuñado-a,brother-in-law;sister-in-law
la ala,wing
el postre,dessert
a lo hecho pecho,what's done is done
la boda,wedding
invitados de honor,guests of honor
el anillo;(ah-knee-yo),ring
adónde va?,where are you going?
manejar (mah-nay-har);conducir (con-doo-seehr),(2);to drive
limpio,clean
la moneda,coin/currency
reir;(rayer),to laugh
encantar/amar,(2);to love
la mirada,a look/glance
el cinturón,belt
ganar,to win / to earn
crema solar,suntan/sunblock lotion
tengo suerte,I'm lucky
las afueras,outskirts/suburbs
el camerino;(kama-ree-no),dressing room
comenzar / empezar,(2);to begin/start
las cejas,eyebrows
la guerra,war
el engaño,deception/illusion
no vale/merece la pena,(2);it's not worth it
primeros auxilios,first aid
la verdad dueles,the truth hurts
varita de virtud/;varita mágica,magic wand
es por tu bien,it's for your own good
reencarnación,reincarnation
te lo prometo,I promise
la llamada,phone call/knock/ring
Londres,London
decisivo-a,decisive
créame,believe me
defender,to defend
entrenar,to train/practice
la búsqueda,the search (noun)
el desafío,challenge (noun)
damas y caballeros,ladies and gentlemen
el subtítulo;(soob-teet-oh-loh),subtitle
la rubia,blonde
sonarse la nariz,to blow onés nose
vino tinto,red wine
alquilar / el alquiler,rent (verb & noun)
cariño,darling
grabar,to record/engrave
ordenar,"to arrange, tidy"
el trabalenguas,tongue-twister
la consecuencia,consequence
el bigote,mustache
rico,rich
plátano,banana
la barbacoa,barbecue (BBQ)
más vale maña que fuerza,brain is better than brawn
cuando llegó / llegaste,(2) [form & inf];when did you arrive?
gastar,to spend
el tren,train
sur,south
me ha dicho,s/he has told me
la pesadilla,nightmare
el carnero,sheep
la vaca,cow
la lámpara,lamp
grosero-a,rude / crude
dónde/cuando nos encontraremos?,when/where shall we meet?
el tenedor,fork
la pelota,ball
el elefante,elephant
basta!,enough/stop/halt
buscar,to look for/to seek/;to pick up
desafortunadamente;desgraciadamente,(2);unfortunately
el porcentage,percentage
preguntar,to ask
la tapa,top/lid/cover
cibernauta;(see-behr-no-tah),internet user
la ciudad,city
el bistec,steak
confiar,to trust
el horno,oven/baked/roasted
el popote;(poh-poh-tay),drinking straw
la maña,skill
el cuaderno,notebook
el juego / el partido,(2);game / match
la mano,hand
bajar,to take down / to turn down
el bote,tin/jar/boat/bottle/container
la cuchara,spoon
el aparcamiento,parking
encender (for)/;prender (inf),(2);to turn on / to light
estrecho,narrow / tight
el puente,bridge
la gripa,flu
traicionar,to betray
el canario,canary bird
azul,blue
las letras,lyrics
anhelar,to long for
te quiero a mi lado,I want you by my side
brotar,to sprout / to appear
la espuma,foam
puro-a,pure (adj.)
vender,to sell
hervir,to boil
plegar,to fold
la garganta,throat
flojo,loose / weak
la tarea,homework / task
desnuda,naked
estar a punto de ...,to be about to do ...
hace mal tiempo,it is bad weather
el cuello;(koo-way-yo),neck / collar
estas muy equivoca,yoúre very wrong
la estación (year)/;la temporada (sport/activity),(2);season
delante,infront
detrás,behind
este,east
el rincón / la esquina,(2);corner (room/street)
conseguir,to get / obtain / achieve
cocinar/cocer,(2);to cook
[el] helado,ice cream (noun);frozen (adj)
al tanteo,hit or miss
el barco,boat
velero,sailboat
escoger,to choose
tratar de / intentar,(2);to try / attempt
desviar,to divert
traer,to bring
la camiseta;(kah-mee-sehtah),t-shirt
[yo] no te vi (vee),I did not see you
renacer,to be reborn
la sábana,bed sheet
los ingresos,income
la carta,"letter;(as in ""to send a _"")"
[yo] debo irme ahora,I should leave now
hasta,until
borracho-a,drunk
sobrio-a,sober
quedas despedido,yoúre fired
medias de seda,silk stockings
saltar a,to appear
la actitud,attitude
desagradar,to dislike
la camisa,shirt
convertir,to convert/to become
amenaza de muerte,death threat
la máquina;(mah-key-nah),machine
antiguo;(ahn-tee-go),old/ ancient;old-fashioned
apuntar,to note down;to point
el ajo,garlic
facilitar,to make easier;to facilitate
la empresa,company/enterprise
el cielo,"sky, heaven"
el cuchillo,knife
vecino,neighbor
pobre,poor
manzana,apple
la lluvia,rain
catorce,fourteen
sordo,deaf
molestar,to bother / to disturb
el cocodrilo,crocodile
oeste,west
probar,to test / to try out
ancho,"wide (door, road, river)"
amplio,"wide,spacious"
la cita,appointment / date
la cárcel,jail
tocar,to play (e.g. guitar)
la pluma,fountain pen /;feather
perdonar,to forgive
empujar,to push
negro,black
la estrella;el lucero,star
el dia menos pensado,when least expected
montar / montando,to ride / riding
una pareja,a couple (relation)
enseñar,to teach
la fresa,strawberry
once,eleven
simpático-a / agradable,nice/likeable/friendly
acordar,to agree on
que me parta un rayo,to be doomed/to go to hell;[lit. get struck by lightning]
doce,twelve
el durazno,peach
el relato,story / report
conocido-a,acquaintance (noun); famous/well-known (adj.)
correr / corriendo,to run / running
sinceramente,sincerely / frankly
jurar,to pledge / swear
obvio,obvious
una vez por semana,once a week
te voy a extrañar muchisimo,I will miss you very much
corto,short
los muebles,furniture
merendar,to snack
pimienta / pimiento,pepper (spice/veg.)
por alli,that way
de (la) cintura para abajo/arriba,from the waist down/up
planear,to plan
al fiado / a plazo,(2);on credit
el llavero,keychain / keyring
serio / grave,(2);serious (person/situation)
la manta / la cobija,(2);blanket
bastante,quite/enough;(adj & adv)
desde ahora,from now on
un desorden,a mess
"previo, -a","previous, former"
me saca de quicio,it gets on my nerve
colocar,to place (position)
la pierna,leg
proteger,to protect
la tormenta,storm
la calidad,quality
conservar,to conserve / preserve
reservar,to reserve
la venganza,revenge / vengeance
inquietar,to worry
por lo tanto / por eso,(2);therefore
ir,to go
el brazo,arm
poco profundo,shallow (lit. & fig.)
trece,thirteen
querer,to want
la fiebre,fever
a propósito,by the way
rojo,red
la piscina,swimming pool
el cangrejo,crab
entre,between
firmar,to sign
casi / apenas,(2);hardly / scarcely
gracioso / divertido /;chistoso,(3);funny
la taquilla,box office
puesto-a,post/position/place/job
el marco,frame / goal posts
el abrigo,coat
la jirafa,giraffe
por menudo,in detail
paraguas / sombrilla,(2);umbrella
la almohada,pillow
presentar,to hand in / to show /;to present
catorce,fourteen
perder,to lose
payaso-a,clown
vino blanco,white wine
la semana entrante/próxima,(2);next week
la cima,"top / peak;(mountain, career)"
uno por uno,one by one
ninguno-a,none/not one/no/neither
a toda prisa,as quickly as possible
unos pocos,a few
las joyas,jewelry
aprender,to learn
la palabra,word
noveno,nineth
azúcer,sugar
donde estabas,where were you
el tramposo-a,cheater
huevos revueltos,scrambled eggs
compañero de trabajo,co-worker
la cerreza,cherry
dia de descanso,days off
el anhelo,longing
el hombro,shoulder
la botana,snack
blanco,white
donde no,otherwise
[no] estoy de acuerdo,I [don't] agree
entregar,to deliver / to present
desechar,to throw out / discard /;reject
derrumbar,to demolish / destroy /;collapse
el barrio,neighborhood / district
profundo / hondo-a,(2);deep (fig. & lit)
el collar,necklace
la llave,key / faucet
saltar a la luz,to come to light
el quicio,doorjamb
justo-a,just/fair
las paredes oyen,the walls have ears
mandar,to order / to send / to rule
la bruja,witch
a cada rato,all the time
ordenado,tidy / organized
la sandia,watermellon
hacer pinta,to play hookey
pasta de dientes,toothpase
el clavo,nail (hammer & _)
escondidas / oculto,(2);hidden
jale,pull
el almuerzo,lunch
el globo,balloon
suave,soft
inolvidable,unforgettable
la herida,wound / injury
calvo / pelón,bald (no hair)
séptimo,seventh
cobarde,coward[ly]
el venado,deer
el orgullo,pride
viuda,widow
anaranjado,orange (color)
la galleta,cookie / biscuit
el camino,road / path / way / journey
la localidad,town / locality/; ticket (box office)
la plata,silver
sucio,dirty
la roca,rock
apostar / apostando,to bet / betting
enojado,angry
egoista,selfish
sobre mi cadáver,over my dead body
el techo/el tejado,(2);roof / ceiling
el pecho / la pechuga,chest / breast
castigar,to punish/penalize
descansar,to rest
el ratón,mouse
apagar,to turn off
deja de hacer eso!,stop doing that!
las uvas,grapes
paso a paso,step by step
el manantial,spring (water)/;source (fig.)
frente a frente,face to face
la biblioteca,library
hundir,to sink
amarillo,yellow
desvelar,to reveal/;to keep awake
quisiera pedir ...,I wish (would like) to order ...
contra,against
naranja,orange (fruit)
ir para atrás/adelante,to go back/forward
siga me,follow me
el lápiz,pencil
la amistad,friendship
zorra,slut/skank;(lit. female fox)
la enfermera-o,nurse
el diccionario,dictionary
la farmacia,pharmacy
colgar / colgando,to hang / hanging
tirar,to throw/drop/shoot/fire/;play/take(goal)/flunk
la cadera,"hip (noun, body part)"
norte,north
exprimir,to squeeze
desde hace dos años,since two years ago
pedir,to ask for / to order / to request
mensual,monthly / per month
esto es una pesadilla,this is a nightmare
la tapadura,tooth filling
baja la radio,turn down the radio
relacionar,to connect/link
a lo menos,at least
mayo,may
como siempre,like always
insensato-a,senseless / foolish
asi y todo,in spite of
mal aliento,bad breath
el espejo,mirror
tonto-a/estúpido-a/idiota,silly/stupid/idiot
saltar/saltando,to jump/jumping
entre las dos y las cuatro de la tarde,between 2 and 4 in the afternoon
despacio,slowly
el arroz,rice
los frijoles,beans
que quiere decir esta palabra?,what does that word mean?
cumplir su palabra,to keep onés word
ahijado-a;(aye-hado),godson
antes,before
después,after
primavera,spring
escapar,to run away / escape
rascar,to scratch
el pasillo,corridor/hallway
"oir;oigo,oyes,oye,oimos,-,oyen",to hear
olvidadizo-a,forgetful
la gorra,cap
valorizar,to value [someone]
las notas,marks / grades;(school)
la nuez,walnut
yo en tu lugar,If I were you/;If I was in your place
la tentación,temptation
nadie;(nah-deh-yeh),nobody
corregir,to correct
chismoso-a,gossip/gossipy
noticia de última hora,newsflash
secar,to dry
el compromiso,commitment/engagement
el delito,crime/offense
quedar impune,to go unpunished
funcionar;(foon-sion-ahr),to function
no funciona,out of order (broken)
quince,fifteen
quien,who/whom
residir;(reh-see-deer),to reside
la temporada alta,the high season (tourism)
insoportable,unbearable/intolerable
municipio;(moo-nee-see-pee-yoh),municipality/town
la razón por la que...,reason why...
mientras,while (conjunction)
emigrar,to emigrate/migrate
pasar,to pass/to spend/;to go through (red light)
el caso,the case/situation
la orilla,shore/bank/edge
aprovechar,to make the most of/;to take advanatage of
más vale tarde que nunca,better late than never
octavo,eighth
quizás,perhaps
la espada,sword
pegar,to stick/glue/hit
el suspiro,sigh (noun)/;hissing of wind
tener cosquillas,to be ticklish
depender,to depend
la cartera,wallet/briefcase/portfolio
en voz baja,whispering
la barba,beard
pendiente,outstanding/unresolved
el ordenador/computador-a,(2);computer
colar,to strain (pasta)/to push in (cut-in-line)/;to gatecrash
el sender,path
estallar,to explode/burst/breakout
la sombra,shadow
la pantalla,"screen (comp., movie, etc.)"
he tenido que venir solo,I had to come alone
la etapa,stage/phase;(NOT theatre)
acordarse,to remember to do something
la pera,pear
doblar,to turn/bend/fold/double
la plancha,iron/grill
hace poco,recently/just now
la pregunta,question
la respuesta,answer
el síntoma,symptom
retrasar;(reh-trah-sahr),to delay
poder,to be able to
pan tostado,toast (bread)
la manifestación,demonstration (political)
raro/extraño,(2);strange/odd/weird
atar,to tie up
encontrar,"to find/to meet;(i.e. ""I found him sleeping"")"
número equivocado,wrong number (telephone)
complicado-a,complicated
el capricho,whim
la dieta / el régimen,(2);diet (daily/restricted)
cuando quiera,whenever
agradar,to like (formal)
el pavo,turkey (bird)
los palomitas,popcorn
estudiante / alumno,(2);student
enviar una carta,send a letter
asi que,so/therefore/that is why
el avión sale a las nueve,the plane leaves at nine
las tiendas están abiertas,the stores are open
el libro,book
importante,important
entrar,to enter
botón,button (shirt)
rezar,to pray
aumento,rise
caida,fall (adj.)
echar,to throw
por adelantado,upfront (i.e. pay upfron)
despedir,to fire / to say goodbye
tomar a pecho,to take to heart
el embrujo;(ehm-broo-ho),curse / spell
parecía un sueño,it was like a dream
parecer,to seem / to look like
maldito-a,wicked / damned
el veneno,poison
amargo-a,bitter
de vez en cuando,occasionally/;from time to time
echar de ver,to notice (expression)
el tapete,tablecloth
la pared,wall (internal)
fuera de [toda] duda,beyond [all] doubt
novedoso,novel / original
tener la culpa,to be guilty / at fault
el abuelo-a,grandfather / grandmother
encantado,nice to meet you
el navegador,browser (noun)
navegar,to net surf (verb)
creativo,creative
la temperatura,temperature
[yo] llegué ayer,I arrived yesterday
timido-a,shy
la izquierda,left
derecho -a,right
la expresión,the expression
explicar,to explain
llamar,to call
la entrada,the entrance;ticket
la salida,the exit
regalar,to give [away]
que en paz descanse,god rest his soul/;may he rest in peace
gigante;(geeh-gah-ntay),huge/giant
sufrir,to suffer
leer / leyendo,to read / reading
jugador-ora,player
el anuncio,advertisement / commercial
el supermercado,supermarket
visitar,to visit
quién,who
qué,what
donde,where
porqué,why
cómo,how
cúando,when
cuánto,how much
luna de miel,honeymoon
el camión,truck
matar el tiempo,to kill time
tomar,to take / consume
adelante!,go ahead / forward
la bolsa,handbag
complacer,to please
mayor,older
menor,younger
el rio,river
cuesta abajo,downhill
saltar a la vista,to be patently obvious
no hay rosa sin espinas,therés no rose without a thorn
la nota,note (noun)
el infierno,hell
cambiar de tema,to change the subject
pena de muerte,capital punishment
"ábrete, sésamo!",open sesame!
el proyecto,project
huelga;(wel-gah),strike (noun)
si no me equivoco,If I'm not mistaken
el juicio;(hwe-sio),judgement/trial/opinion
el cordón,cord/lace
el horario,schedule/hours
el mensaje,message
el mono,monkey
la madera,wood
el dedo,finger
el sobre,envelope
la vela,candle/;sail (noun)
me muero de hambre,I'm starving
el muro,wall (outside)
el pedazo,piece / bit
la caja,box
la cerradura,lock
poblado,inhabited / bushy
la pasatiempo,hobby
la reunión;(roon-yoon),meeting (office)
no hablamos el mismo idioma,we don't speak the same language
enojar,to get mad/;to anger
llevar,to take / wear
cuidar;(ke-you-dahr),"to take care,;look after"
de acuerdo,agreed
el zapato,shoe
cuando voy a verte de nuevo?,when will I see you again?
por aquí,this way/;around here
la muerte,death
la cabeza,head
el cacahuete;(kaka-wah-tay),peanut
creo que ...,I believe that ...
el papel,paper
ya voy,I'm coming
el deseo,desire
el semáforo,traffic light
el ascensor,elevator
hacer pedazos,to break into pieces
en vez de / en lugar de,(2);instead of
ateo-a,atheist
el teatro,theatre
anteayer,day before yesterday
diga me,tell me
la lana,wool;(mex:money)
todo el mundo,everyone
anfitrión-ona,host (person & country)
auriculares;(ah-o-rick-you-la-res),headphones
el terremoto,earthquake
nervioso,nervous
consentir,to consent/to allow
la cena,dinner
ahora mismo,right away
platicar,to chat/talk
lleno [de...],full [of]/covered in
me duele el pie (pee-yay),my foot hurts
siéntate,sit down
nacer,to be born
largo,long
estoy perdido,I'm lost
la silla,chair
otra vez,again
odio esta película,I hate this movie
in estado interesante/;embarazada,(2);pregnant
tus deseos son órdenes,your wish is my command
harina,flour
el maíz;el choclo,corn
las noticias,the news
la avenida,avenue
felicitacion,congratulations
tragón-ona,greedy
llorar / llorando,to cry / crying
la botella,bottle
espiar,to spy
atraer,to attract;(attention & to like)
la emoción,emotion
la iglesia,church
juego sucio,foul play
no me importa,I don't mind
por todos lados,everywhere (exp.)
el labio,lip
desatar,to untie;to unleash
ladrar,to bark
echar la culpa a,to blame (exp.)
la edad,age
ver,to see
travieso-a,naughty / mischievous
feliz / alegre,(2);happy
salvar,to save / rescue
decir,to say
contéstame!,answer me!
el juez,judge (noun)
el gol,goal (i.e. soccer)
la cebolla,onion
alcoba,bedroom / intimate
la pastilla,pill
tostar,to toast / to tan
la falda,skirt
otoño,autumn
traducir,to translate
sano,healthy
venir,to come
desodorante,deodorant
colibri;(coh-lee-bree),humming-bird
desnudar,to undress
junio,june
la magia,magic
la puerta,door
fuera de si,beside oneself
el piso,the floor/;(building level)
el suelo,the groud
amenazar,to threaten
casi nunca,hardly ever
el cuerpo,body
débil,weak
fuerte,strong
dolor de cabeza,headache
alguien,someone / somebody
salchicha,sausage
la uña;(oon-ya),finger nail
sabroso / delicioso,(2);delicious
aterrado,terrified
trabar,to fasten/join;to get tangled
por un rato,for a while
mientras viva,as long as I live
resolver,to solve
cuente conmigo,count on me
el desierto,desert
vagar / vagando,to roam / roaming
gerente,manager
terminar,"to finish,end"
confía en mi,trust me
te lo juro,I swear
cuarto,fourth
quinto,fifth
sexto,sixth
conocer,to know/meet
escribe lo,write it down
la carne,meat
la alma,soul / spirit
idéntico,identical/;exactly the same
la tos,cough (noun)
toser,to cough
escribir,to write
caer / cayendo,to fall / falling
no paso nada,nothing happened
la oficina,the office
la toalla,towel
el viaje,trip (journey)
la mayoria,most / majority
echar papas,to fib/lie;(expression)
el león,lion
el lago,lake
tenedor libre,all you can eat
la lágrima,tear / teardrop
medir,to measure
caminar / caminando,to walk / walking
pisar,to walk on /;to tread on
caro,expensive
barato,cheap
equipo,team
vestido,dress
dibujar,to draw
suficiente,enough (adj.)
par,"pair;(gloves, not couples)"
la sangre,blood
romper,to break
implicar,to involve / to imply
el consejo,advice
deber,to have to do something
cepillo de dientes,toothbrush
el conejo,rabbit
el camarón,shrimp
un nudo,a knot
prisa,hurry
cariñoso,affectionate
desear,to wish
antiguamente,in the old days
reparar / arreglar,(2);to fix / repair
el armario,closet
caber,to fit
No cabe nadie más,therés no room for anyone else
De eso no cabe la menor duda,There is absolutely no doubt about that
sobrevivir,to survive
la fe,faith
la soledad,loneliness / solitude
razonable,reasonable
despertar,to wake up
merecer,to deserve/;to be worthy
ciego,blind
hacer,to make / to do
silbar,to whistle
gratis / libre,(2);free
segundo,second
tercero,third
gritar / gritando,to scream / screaming
la montaña,mountain
el rayo,ray / beam /;bolt of lightning
la manera,way / manner
el canal,"channel;(tv, strait, business)"
la puerta principa,front door
el cerdo,pig / pork
el virus;(vee-roos),virus
mejor,better
peor;(peh-yor),worse
real,real
auténtico,authentic
verdadero,"true/real;(as in a ""_ gentleman"")"
destapar,to open / uncover
borrar,to erase / delete
todavia,yet / still
octubre,october
noviembre,november
diciembre,december
flaco / delgado,(2);thin/skinny
el dolor,pain
mala suerte,too bad;(lit: bad luck)
sacar fotos,to take pictures
el momento más inoportuno,worst or most awkward moment
artes marciales,martial arts
te lo he dicho / te lo dije,(2);I've told you / I told you
occidental;(oxy-dehn-tahl),western / westerner
salir,to leave / exit
vos alta,loud voice / aloud
verano,summer
el rey,king
la reina,queen
estoy enojado,I'm angry
abusadora,abusive
la miel,honey
el polvo,dust
la escula,school
dividido,divided
juzgar,to judge
[el] limite,limit (adj & noun)
mejor que nunca,better than ever
preparar,to prepare
lárgate,get out!
la seda,silk
la fantasma,ghost
la lástima,pity (noun)
que lástima,what a shame/;what a pity
precioso,"beautiful, lovely, precious"
jabón en polvo,laundry detergent
el oro,gold
entender,to understand
el tigre,tiger
empresario-a,employer/;businessman
la isla,island
volver la vista,to look back
dormir / durmiendo,to sleep / sleeping
matar,to kill
imaginar,to imagine
abrazo,hug
beso,kiss
un ave,bird
el niño,boy
la niña,girl
un problema a la vez,one problem at a time
pinche,damn (inf. mex.)
la tumba,grave
adicto-a,addict (noun + adj)
la chispa,spark (noun)
el idioma/;el lenguaje,language(2)
algún tiempo / a veces,(2);sometime
contener,to contain/;to restrain onself
el párrafo,paragraph
sacar,to take out / to workout /;to remove
el pasado,the past
futuro;(foo-toh-roh),future
ven acá/ven aqui,(2);come here!
abajo,down[stairs]
arriba,up[stairs]
campeón-ona,champion
el campeonato,championship
el aire; (eye-ray),air
la leche,milk
el edificio,building
la flor,flower
una vez,one time
muchas veces,many times
hasta mañana,see you tomorrow
hasta luego,see you later
clases particulares,private lessons
la gana,desire / wish
cada dia,every day
llenar,to fill
crecer / creciendo,to grow / growing
compartir,to share
compartido-a,shared (adj.)
me da lo mismo,it's all the same to me
rallar,to grate
rallado,grated (i.e. cheese)
qué tan lejos?,how far?
habia una vez,once upon a time
través,"through (place,object)/;over (time)"
varios-as,several
no pongas palabras en mi boca,don't put words in my mouth
la lucha,fight / struggle
hacer cola,to que up /;to stand in line
vuelta,turn!
el cine,cinema/;movie theatre
contar,to count / to include
aunque,although
con permiso,execuse me
perdón,pardon
al lado de ...,beside/next to ...
nadar / nadando,to swim / swimming
esconder,to hide/conceal
el reloj,watch/clock
cantar / cantando,to sing / singing
la frase,sentence (grammer)
el negocio,business
estory aburrido,I'm bored
leal,loyal
aceptar;(ah-sep-tar),to accept
admirar,to admire / respect
el mercado,market
dejar,to leave/;to let go
me vuelves loco,you drive me crazy
el pecado,sin
la muñeca,doll
sospechar / sospechando,to suspect / suspecting
el/la frente,front / forehead
ocurrir,to occur
siempre,always
nunca,never
la dirección,the address
el pico,beak/;summit of mountain
es un hecho conocido,it's a well known fact
ayer,yesterday
hoy,today
mañana,tomorrow
la broma,joke
no te preocupes,don't worry
estas casada?,are you married?
este lugar es un horno,it's like an oven in here
te mando muchos besos,I'm sending you many kisses
la cama,bed
entretanto/;mientras tanto,(2);meanwhile
que tienes?,what's wrong?
urbano,urban
el jabón,soap
la fuerza,force/strength
la llama,flame
en llamas,ablaze
tio/tia,uncle/aunt
primo-a,cousin
pagar,to pay
el caballo,horse
te gusta ir al cine?,do you like to go to the movies?
entonces,then
donde naciste?,where were you born?
nací en Brasil,I was born in Brazil.
bailar / bailando,to dance / dancing
tarde,evening / late
noche,night
demasiado,too much
la bateria,battery
[in]fiel,[un]faithful
julio,july
agosto,august
septiembre,september
emplear,to use / employ
el librero,bookcase/;book seller
cachondo-a,horny
el lugar,place / position (as in company)
el tatuaje;(ta-too-ah-hay),tattoo
el bolígrapho,ballpoint pen
el coco,coconut
la piña,pineapple
el limón,lemon/lime
quemar,to burn
no tengo dinero encima,I don't have any money on me
el oso,bear
en general / por lo general,(2);generally
calor (person)/;caliente (thing),hot
picante,spicy
frío-a,cold
más frío que el hielo,as cold as ice
cuántos años tienes?,how old are you?
el regalo,gift
lavar,to wash
comer,to eat
viejo,old (person/thing)
joven,young
nuevo,new
la pena,pain / shame
el ruido;(roo-wee-doh),noise
la canción,song
juntos,together
pequeño,small
grande,large
frutos secos,dried fruits
dónde queda la oficina?,where is the office located?
no es asunto tuyo,it's none of your business
el tipo,type (noun)
la gente,people
dejar de ...,to stop doing ...
las vacaciones,vacation
a primera luz,at dawn
el árbol,tree
bombero-a,fireman
las papas fritas,french fries
famosa,famous
visto que,where as/;seeing that
déme un vaso de agua,give me a glass of water
esta listo-a?,are you ready?
el sol,sun
la luna,moon
al aire libre,in the open air
cómo se escribe tu nombre?,how do you spell your name?
no tengo ni idea,I don't have any idea
tengo que ir me,I have to go
creer,to believe
el billete;(bee-yet-ay),ticket (e.g. train)
tarjeta de crédito,credit card
suéltame,let go of me
la piel,skin/;leather (mex.)
el mundo,world
cállate,shut up
rozar,to rub/border on
a ojos cerrados,blindly
amigos con derechos,friends with benefits
tapar,to cover
"despacio voy, porque de prisa estoy",I'm going slow because I'm in a hurry
lo siento,I'm sorry
celebrar,to celebrate
esta cerca de aqui,it is nearby
por último / finalmente,(2)finally (lastly)
por fin / finalmente,(2);finally (at last)
los derechos humanos,human rights
por su cuenta,all by himself
la mantequilla,butter
seda dental,dental floss
vivir / viviendo,to live / living
haber,to have
la lata,can (tin or alum.)
comprar,to buy
la basura,trash
quedar,to stay / remain
la oficina para alquilar un coche,car rental office
venga conmigo,come with me
sueño,sleep / dream
soñar / soñando,to dream / dreaming
yo tambien,me too
yo tampoco,neither do I
la bicicleta,bicycle
la motocicleta,motorcycle
tengo que ...,I have to ...
temprano,early
decidir,to decide
dejeme solo,leave me alone
el pez,fish (animal)
el pescado,fish (food)
suspirar,to sigh
robar,to steal
notar,to notice / to note
la pintura,painting / paint
cuando es tu cumpleaños?,when is your birthday?
unos días,a few days
te extraño mucho,I miss you so much
que sopresa tan agradable,what a pleasant surprise
el paquete,parcel / package
ayudar,to help
desde,since
me molesta,it annoys me/;it bothers me
la duda,doubt (noun)
dudar,to doubt
claro que si/no,off course yes/no
el diamante,diamond
el estómago,stomach
tal vez/qiuzás/;a lo mejor,maybe/perhaps
roncar,to snore
asunto,matter / issue
trabajar,to work
para que ...,so that ...
el coche/carro/auto,(3);car
doler/lastimar/herir,to hurt
piensalo bien antes de responder,think carefully before you answer
la página,page (book or web)
mi habitación esta al fondo del pasillo,my room is at the end of the corridor
el avión,airplane
estricto,strict
sudar,to sweat
aquí hay gato encerrado,therés something fishy going on here
desarrollar,to develop/;to carry out
abierto de mente,open minded
cerrado de mente,close minded
la mente,the mind
pasado mañana,day after tomorrow
muy mal,very bad
más o menos,"so-so, ok"
guapo-a,handsome
feo-a,ugly
la calle,street
las gafas / los lentes,(2);eyeglasses
celos,jealousy
tener celos,to be jealous
billete de ida y vuelta,round-trip ticket
estoy aquí de visita,I'm here on a visit
tenemos una hora,we have one hour
una habitación muy oscura,a very dark room
estar pendiente de ...,to await/to wait for (exp.)
peligroso-a,dangerous
qué te gusta hacer?,what do you like to do?
la copa,glass (wine)
el sacrifico,sacrifice
llegar,to arrive
la balanza de cocina,kitchen scales
Estados Unidos,united states
encima,above/over
debajo,below/under
en otros términos,in other words
el sudor,sweat (noun)
enero,january
febrero,february
marzo,march (month)
me gustaría conocer Australia,I'd like to visit Australia
tener cuidado,to be careful
esperar,to wait
ratero / ladrón,(2);thief
hacer viaje,to take a trip
estoy cansado,I'm tired
el perro,dog
el gato,cat
la boca,mouth
los ojos,eyes
la oreja,ear
la nariz,nose
cambiar,to change
el equipaje,luggage
a menudo,often
hermano gemelo,twin brother
que hay que hacer,what is there to do
vaya con dios,go with god
[yo] me voy,I'm leaving
[nosotros] nos vamos,we are leaving
haz lo que quieras/has como quieras,(2);do what you want
puedo llevar lo/la,I can take you
es una perdida de tiempo,it's a waste of time
hacer puente,to take a long weekend
queremos comer juntos,we want to eat together
vas a ver,yoúll see
deprimido-a,depressed
el matrimonio,marriage
la terapia,therapy
lógico,logical
sin querer,accidentally
de colores vivos;/colorido,colorful
la mochila,backpack
tercermundista,third-world
la verdura/;el vegetal,vegetable (2)
afortunadamente,fortunately
la sopa,soup
el tomate/;jitomate (mex.),(2);tomato
la lechuga,lettuce
el camello,camel
el banco,bank
asi y ya,just like that
la cómoda,dresser
póngase cómodo-a,make yourself at home/get comfortable
periodista (m/f),journalist / reporter
el fastidio,"nuisance, bother"
cómodo-a,comfortable
desmayar,to faint
el oriente medio,middle east
especial,special
el truco / la trampa,(2);trick / trap
agresivo-a,aggressive
este/esta,this
ese/esa,that
en el fondo del mar,at the bottom of the sea
el sitio,place/website/taxi-stand
primero,first
último,last
fresco-a,fresh / cool
el hombre,man
la mujer,woman
un dia si y otro no,every other day
cómo no,certainly/why not/sure
me gustaria una fresa,I would like a strawberry
madre,mother
padre,father
hermano-a,brother/sister
sobrino-a,nephew/niece
el paso,passing / step
escuchar,to listen to
sentir,to feel
la escena (es-say-nah),the scene
Alicia en el pais de las maravillas,Alice in wonderland
la vida familiar,family life
la experiencia,experience
quién canta esta canción?,who sings this song?
practicar,to practice
qué voy a hacer?,what shall I do?
derecho,straight ahead
acidez de estómago,heartburn
el adolescente,adolescent / teenager
cuál es su ocupación?,what do you do for a living?
la pelicula,movie/film
para qué?,what's the point;(for what)
que duermas bien,sleep well
me gusta más el chocolate que las manzanas,I like chocolate more than apples
el vaso,glass (regular cup)
la playa,beach
cierra la puerta,close the door
abrir la puerta,open the door
la pistola,gun
bienvenidos,welcome
voy a ir al grano,I'm going to get straight to the point
el grano,grain / spot / pimple
tanto mejor,so much the better
he visto a jose,I have seen jose
"puedo tener mi cuenta, por favor?","may I have my bill, please?"
echar la casa por la ventana,to go all out on a party
por supuesto,off course
una y otra vez,over and over again
hay viento,it's windy
ensalada de fruta,fruit salad
fruta del tiempo,seasonal fruit
no importa,never mind/;it doesn't matter
echar una siesta/sueños,to take a nap;(lit: throw a nap)
"ahora no, mas tarde","not now, later"
estar de goma,to have a hangover
demandar,to sue
estar de luto,to be in mourning
alejar,to move away/;to grow apart
la leyenda,legend
la celda,cell (prison/comp.)
el héroe,hero
cúanto cuesta una habitación?,how much does a room cost?
quemadura [del sol],sunburn
evaporar,evaporate
leche concentrada,evaporated milk
la misión,mission
el mapa,map
alegria,joy / happiness
café solo,black coffee
sin embargo,however / nevertheless
hasta el momento,so far
el secuestro,kidnapping / hijack
el respaldo,backing / support
delincuencia organizada,organized crime
delitos contra la salud,drug crimes
la salud,health / cheers
perseguir,to pursue / prosecute
líder,leader
aprehender;(ah-prehn-dare),to apprehend
ingeniero-a,engineer
detener,to stop / detain
llaves de la ciudad,keys to the city
el vestuario,costume / wardrobe
el concierto,concert
el bate,bat (baseball)
el murciélago,bat (animal)
fascinante,fascinating
la investigación,research
célula madre,stem cell
casa de locos,insane asylum
la portada,title page / front page
durante,during
preso (jail);prisionero (captive),(2);prisoner
al cabo de,after (despues de)/ ~ later
asesino-a,assassin
el muchacho / tipo,(2);guy
el sueldo,salary
invertir,to invest / to reverse
la mejilla,cheek
el codo,elbow
la madrugada,wee hours / dawn
la madrina,maid of honor / godmother
suegro-a,father-in-law / mother-in-law
ojalá,hopefully
cualquier cosa,anything
dar,to give
recibir,to receive
discutir,to discuss
contestar / responder,(2);to answer / reply
rechazar,to reject / refuse
denunciar,to report (police);to denounce
opuesto,opposite
la capa,cape / layer
el pingu:ino,penguin
las vacaciones veraniegas,summer vacation
la raya,line / stripe
semestre,half year
aventurero-a,adventurous
culto-a (adj),cultured / refined
tanto tiempo sin verte,long time no see
brillante,brilliant
vanidoso-a / vano-a,(2);vain
el culto (noun),worship / cult
animar,to cheer / encourage
el barril,barrel / draft
una vez y para siempre,once and for all
llevarse una sopresa,to get a surprise
el éxito,success / hit (music)
tremendo-a,tremendous / enormous
el miembro,member
miembros de la junta,members of the board
cortar,to cut
el ejército,army
el clave,code / key / password
la junta,committee / board
hoy por hoy/;hoy en dia,nowadays / presently
derrotar,to defeat/beat
el milagro,miracle
suplicar,to beg
hora de dormir,bedtime
asqueroso,disgusting
el corte,cut (noun)
la codicia,greed
sombrar,to be shocked / amazed
cordero-a,lamb
cualquiera,any / anyone
apenas (2),as soon as
ganar tiempo,to save time
"llamar al pan pan, y al vino vino",to call a spade a spade
el trimestre,3 months / term
disminuir,to decrease
el desempleo,unemployment
temer,to be afraid (form.)
con tal de que ...,as long as ...
ambos,both
obtener,"to obtain, to get"
aumentar,to increase
eficaz,effective / efficient
el capítulo,chapter
accidente múltiple,pile up
asesino en serie / múltiple,(2);serial killer
reseñar,to review / to report on
el arete,earring
heredar,to inherit
la herencia,inheritance
enterrar,to bury
la ley,law / rules
el agrumento,argument
el asiento,seat
la capital,capital (city)
la ficha,token / chip
la niebla,fog
montón,loads of / masses of / ton of
calentar,to heat up / warm up
tener el pico de oro,to be eloquent
el ventilador,fan (air)
el tesoro,treasure
la cajuela / la maletera,(2);car trunk
el aeropuerto,airport
el zoológico,zoo
arquitecto-a,architect
la mansión,mansion
el documento,document (noun)
el producto;(proh-duke-toe),the product
el nido,the nest
la paloma,dove / pigeon
el guante; (gwan-teh),glove
la guantera,glovebox
la lectura,reading (noun)
lectura óptica,optical scanning
la rodilla,knee
concentrar,to concentrate
en carne y hueso,in the flesh
el hueso,bone
voy a cambiarme,I'm going to get changed
afeitar,to shave
acostarse,"to lie down, to go to bed"
cada vez más,more and more
cada ves menos,less and less
últimamente,lately
temblar,to tremble / shake
convencer,to convince
el laberinto,labyrinth / maze
la aventura,adventure
la inspiración,inspiration
ahogar,to drown / smother / quell
la posición,position (noun)
aconsejar,to advise
la confusión,confusion
fallar,to get wrong / fail
el encuentro,encounter
que te perdone Dios,may God forgive you
luchar / pelear,(2);to fight
la ferretería,hardware store
el martillo,hammer
elegido;(eli-he-doe),the elected / chosen
la estatua;(eh-stat-wah),statue
tener sed,thirsty
el centro comercial,mall
la araña,spider
la milla,mile
enfriar,to cool / to go cold
dispuesto,ready / prepared
la alfombra,carpet
la gasolinera,gas station
la maleta / la petaca,(2);suitcase
pesado-a,heavy
el búho,owl
la tonelada,ton (measure)
cazar,to hunt
la grieta,crack (noun)
subir / subiendo,to rise / rising
la concha,shell (noun)
enemigo-a,enemy
la mascota,pet
recoger,to pick up
la infección,infection
chocolate por la noticia,you don't say! (old news)
la vida nocturna,nightlife
nocturno-a,night/evening (adj)
sano y salvo,safe and sound
salvo,except
estupendo-a,fantastic / wonderful
el helicóptero,helicopter
el circo,circus
el cuadrado,square
insistir,to insist
"Bueno, si insistes","well, if you insist"
el círculo,circle
el triangulo,triangle
el vocabulario,vocabulary
proponer,to propose / to suggest
la ansiedad,anxiety
el hastío,boredom
el desmadre,chaos / utter confusion
olimpiadas,olympics
dia de raya,payday
huele pedos,brown noser
el pedo,fart (noun)
bisabuelo-a,great grandfather/mother
pertenecer,to belong
nombre artístico,stage name
cruzar,to cross
nevar,to snow
la obra,work (artists output)/;construction site
página en obras,page under construction.
el archivo / el fichero,(2);file (noun)
estrechamente relacionado,closely related
el sentido del olfato,the sense of smell
la fecha;(feh-chah),date
la ficha,token / ticket / chip
me olvidé de decírtelo.,I forgot to tell you.
Soy un buen tirador,I'm a good shot / marksman
destacado-a,distinguished
semanario,weekly
casa editora,publishing house
el nivel,level (noun)
la recesión,recession
la entrevista,interview (noun)
adivinar,to guess
el plazo,period of time
fecha limite,deadline
espero volverte a ver,I hope to see you again
Quién pidio la sopa?,who ordered the soup?
huérfano,orphan
la mosca,fly (insect)
la hormiga,ant
la hoja,leaf/blade/sheet
acostumbrar,accustomed
causa y efecto,cause and effect
la caricia,caress (noun)
fingir,to pretend
suicidarse;(sway-see-dahr-say),to commit suicide
la jaula,cage
lobo-a,wolf
la ficción,fiction
el trato,treatement / deal
las tijeras,scissors
el hongo/la seta,(2);mushroom
el calendario,calendar
coser,to sew
coser y cantar,easy as pie (exp.)
la oliva,olive
cantante,singer
molino de viento,windmill
la articulación,joint (body)
alitas de pollo,chicken wings
el aceite,oil (cooking)
montaña rusa,roller coaster
machacar,to crush / to pound
el teclado,keyboard
si dios quiere,god willing
el tamaño,size (noun)
tiene el tamaño de …,it is the size of ..
la hada,fairy
mago-a,wizard / magician
la piedra,stone
el vampiro,vampire
al otro lado de la calle,across the street
el abogado,lawyer
estamos a mano,we are even
padecer,to suffer from
"la máscara, el antifaz",mask
el algodón,cotton
el pulmón,lung
exigir,to demand
tocar bailar (tap dance) con la más fea,to draw the short straw
me da vergu:enza/;me da pena,(2);I'm embarrassed
espinacas,spinach
la ballena,whale
entero-a,whole / entire
que hay de postre?,what's for dessert?
cajero [automático],ATM
propio,own (e.g. own house)
enemigo-a jurado-a,sworn enemy
prefiero sentarme a la sombra,I prefer sitting in the shade
gu:ey (hway),dude/jerk
la bandera,flag (noun)
resultar,to turn out
el principio,the beginning
hablando del rey de Roma,speak of the devil
puntual,punctual / detailed
[de eso] ni hablar,That's out of the question
la grasa,fat (food)
insistir,to insist
piedras preciosas,precious stones
funcionario-a,civil servant
obligar,to force; (to do something)
la proteína,protein
el jurado,jury
el testigo,witness
prometer,to promise
encoger,to shrink / shrug
la falta,mistake / lack / shortage
el cabo / la cuerda,(2);rope
una broma pesada,practicle joke
el carrito,shopping cart
al fin y al cabo,after all / when all's said and done
atar cabos,to put two and two together
cabo suelto,loose end
empezar la casa por el tejado,put the horse before the cart
la gira / jira;(he-rah),tour (noun)
"disculpe me, me equivoce de número","sorry, I dialed the wrong number"
la intencíon,intention
repleto,full of / packed
política exterior,foreign policy
segunda intencíon,ulterior motive
los seres vivos,living things
harto,"fed up, tired of"
la tontería,"silliness, nonsense"
la noche de brujas,Haloween
ignorar,not to know /; to ignore
cómo pronuncias _?,how do you pronounce _?
el pañuelo,handkerchief
el balance,"balance, outcome, toll"
ligero,"light, lightweight, slight"
en el amor y la guerra todo se vale,all is fair in love and war
ha sido un día largo,it has been a long day
el fin justifica los medios,the ends justify the means
la manifestación,protest (noun)
la pulga,flee (noun)
la ventaja,advantage
el procedimiento,procedure
la superficie,surface
la campaña,campaign
la democracia,democracy
la literatura,literature
la poesia,poetry
el remedio,remedy/medicine
la postal,postcard
la prensa,the press
la inversión,investment
la propiedad,property
el diagnóstico;la diagnosis,diagnosis
la presíon,pressure;(as in blood pressure)
el paciente,patient
el pensamiento,thought
el paisaje,scenary/landscape
la raiz,root
chistes verdes,dirty jokes
la liga,league
el motivo,motive
la propuesta,proposal
el recurso,resource
escaso,scarce
asumir,to assume
el verdugo,executioner
mojigato,prudish/straight-laced
"aqui en china, con dinero baila el perro",money makes the world go 'round
el hijastro-a,step son/daughter
a que te dedicas?,what is your job?
dedicar,to dedicate
el estreno,premiere/debut
pálido,pale
el paracaídas (para-kai-eh-das),parachute
el foco,focus/spotlight (stage)
la cerradura,the lock
el cerrajero,locksmith
cubierto,covered (adj)
el rascacielos,skyscraper
el cimiento,foundation (of building)
mutuo,mutual (adj)
dentadura postiza,dentures
los 40 principales,top 40 (music)
a pesar de,in spite of/despite
el tráfico,traffic (noun)
el estornudo,a sneeze
estornudar,to sneeze
irritar,to irritate
ya estoy harto!,I've had enough!
honestamente,honestly
ahora me lo dices!,Now you tell me!
de ahora en adelante,henceforth/from now on
el informe,the report (doc)
el desempleo/;el paro,unemployment (2)
el vocabulario,vocabulary
la señal,the signal
el plan,the plan
la estufa,stove/heater
bienestar,well-being
morado,purple
la calaca,skeleton
el antepasado,ancestor
ofrecer,to offer
irreconocible,unrecognizable
la fiera, wild animal/;angry person
eludir,to elude/avoid
la silueta,silhouette
el premio,prize
la/el peón,laborer(fem)/pawn(masc)
el meñique,pinky finger
asiático,Asian
asustado,scared/freightened
la queja,complaint (noun)
quejarse,to complain
coquetear,to flirt
sin parar,non-stop
el lavacoches;(s/p),car wash
el parabrisas;(s/p),windshield
el quitamanchas (s/p),stain remover
el salvavidas (s/p),lifeguard
el Reino Unido,The United Kingdom
deletrear,to spell
el dibujo,the drawing
Qué alivio!,what a relief!
el perico,parakeet
rociador contra incendios,fire sprinkler
fallecido,deceased
intrigado,intrigued
la flecha,arrow
brillar,to shine/glow
el susurro,whisper (noun)
susurrar,to whisper
frotar,to rub
el genio,genius/genie
el yate,yacht
sugerir,to suggest
acaso...?,by any chance...?
bloquear,to block
letrero,sign (window/door)
sostener,to hold
la capucha,hood (coat)
el monje,monk
la multitud,the crowd
la ubicación,the location
ubicado,located (adj)
La atmósfera,atmosphere
la materia,subject/matter
la tienda de campaña,tent
el atardecer,sunset
el veterinario,veterinarian
venenoso,poisonous
la cola,the tail
aterrizar,to land
la pala,shovel (noun)
el candado,padlock
gotear,to drip/leak
el ático,the attick
el duende,elf
la cantidad,quantity/amount
la inspección/;la revisión,inspection
el concurso,contest
el daño,damage
la fama,fame/reputation
el contenido,the content
el/la deportista,sportsman/woman
derribar,to knock down/demolish
el vidrio,glass
reemplazar,to replace
la meta,goal/objective
ni siquiera...,not even...
la factura,invoice/Bill
el sello,seal/stamp
congelar,to freeze
arriesgado,risky
el riesgo,the risk
agotado,exhausted
el indicio,indication/sign
rodeado,surrounded
cotidiano,daily
aguantar,to bear/to withstand
la bofetada,slap in the face
la beca,scholarship
ahorrar,to save (e.g. money)
la pobreza,poverty
dirigir,to direct/aim/run
la cirugía,surgery
buen provecho,bon appetit
te lo suplico,I beg you
extranjero,foreign (overseas)
exterior,foreign (policy/trade)
ajeno,someone elsés/;foreign
el acero,steel
el aluminio,aluminum
el bronce,bronze
la costilla,rib
el olor,smell (noun)
pronunciar,to pronounce
doble sentido,double meaning
prestar,to lend
volver,to return
devolver,to give back
la dimensión,dimension
alucinante,hallucinogenic/;fantastic
agotador,exhausting
desafinado,out of tune
mudarse,to move location/;change clothes
el ensayo (en-sigh-oh),rehearsal/essay
la hipótesis,hypothesis
la teoría,theory
el agujero,hole
el escenario,stage (theatre)
el telón,curtain (theatre)
el camarero/;el mesero,waiter
el asco,disgust/awful
el turno,turn(order)/shift (work)
el columpio,swing (noun)
el género,gender/kind
el sujeto,person/character
el auge (ow-heh),boom/growth
el saqueo (sah-que-oh),looting (noun)
adjunto (ahd-hoon-toh),assistant;(as in title)
la daga,dagger
la limosna,charity
el banquillo (ban-key-yoh),bench (law/sport)
la celada,trap/helmet
el anzuelo,fish hook
flexible (flehk-see-bleh),flexible
la asignatura,subject (edu)
la golondrina,swallow (bird);tender boat
el barro,mud
el nido (neeh-doh),bird nest
presagiar,to fortell
luce,he/she/it looks;appears
alumbrar,to shed lignt on
tacones,high heels
el jarabe,syrup
vertiginoso;(behr-tee-hee-noh-soh),fast/dizzy
el presupuesto,budget (noun)
para entonces,by then
la estanteria,bookcase
la talla,size
el probador,fitting room
sobre,on/about
la aldea,small village
el castillo de arena,sandcastle
la ola,wave (noun)
el atraco,robbery/holdup
muelas del juicio,wizdom teeth
el búho (boo-oh),owl
los comestibles,groceries/edibles
jengibre (hen-hee-breh),ginger
la albahaca,basil
la aceituna (ah-sey-too-nah),olive
la alcachofa,artichoke
el champiñón,mushroom
la alcaparra,capers (food)
la anchoa,anchovy
ahumado-a,smoked (food)
el romero,rosemary (food)
subconsciente;(soob-kohns-syehn-teh),subconscious
"camina como pato, habla...,huele...","if it walks like a duck, ..."
el batido,milkshake
crema batida,whipped cream
agitar,to shake/;to wave
siguiente,next;following
el volcán,volcano
peinar,to comb (hair)
atrasar,to postpone
la magdalena,cupcake
pedregoso,rocky
el/la excursionista;(ex-koor-see-yoh-nee-stah),hiker
el mostrador,bar/ticket counter
da un poco de miedo,it scares me a little
huevos revueltos,scrambled eggs
la Oración,paryer/sentence
la cana,gray hair
el brazalete;(brah-sah-leh-teh),bracelet
la diestra,right handed
el zurdo/-a,left handed
el retrato,portrait
derramar,to spil
el ajedrez,chess
el gimnasio,gym
frecuentemente,frequently
el asilo,refuge/home
quitarse,to take off/;to leave
percibir,to perceive
Tanto tiempo;sin verte,long time;no see
comparar,to compare
el perejil;(peh-reh-heel),parsley
la patineta,skateboard
de repente,suddenly
me puede traer...,can you bring me...
contrario;opuesto,opposite
qué tal si...,how about...
multar,to fine
la nochevieja,New Year's Eve
la receta,recipe
el faro,lighthouse
el/la proxeneta/;chulo,pimp (noun)
el recado,message';errand
agregar,to add
la gota,a drop
gozar,to enjoy
superar,to exceed/surpass
vencer,to overcome/defeat
la sequía,drought
arruinar,to ruin/bankrupt
la canela,cinnamon
